30 bp target sequence (4 bp + 20 bp Protospacer + PAM + 3 bp),Averge indel frequency (%),"Chromatin accessibility (1= DNase I hypersensitive sites, 0 = Dnase I non-sensitive sites)"
TCACTTGGCAAGGAAGATGGAAGTGGGGAC,71.26635428,0
CTTACACTTCTCCATCTCTTGCCATGGTGC,79.44199418,0
GCTGTGAGATCTTTGACAGTCATTTGGCCC,29.23917545,0
CAGAAAATGGCCATTTCCACAACCTGGCTG,75.85554432,0
AGAGACTGACCAGGAGAGCTCCCCCGGTGG,73.93602784,0
AGCGTTGCAGCATCAAGCATCACTGGGGGT,70.37509252,0
GGCAATTGTGGAATTCTAAAAGGGTGGGTC,69.52472479,0
CATTTTCCCTGGTGAGCATGTCCAAGGCAT,84.37121793,0
GTCGTTACTTGTCTGCAGGACGGCTGGTCC,58.98410187,0
GAAGCCCTCTCTCATGCAAGTGGGAGGATA,61.58250809,0
GCTCCGAGAAATGCAGTCTTTCTTCGGCTT,43.33812155,0
AGAAGGAAGAGGAAGAAGATGAAGAGGATG,36.41243742,0
AACCTTCCAGGTCCTAAAGATTTGGGGTTA,63.3726285,0
GCTCCCACTACCAGTCGCTGGTATAGGAAC,73.14084698,0
TCCCCGTCTTTCTGAACTGCTGGCTGGCCA,64.66241642,0
ACGGCAGCTCCCTGGACGTGGGGATGGATG,68.08151456,0
AGATGACCCATGAGACCCTGTACTTGGCAG,79.77112123,0
CATTCAGTGGCTCTGCTATAAGGAGGGGAC,62.10776985,0
GCATCTCCACTGACTTCACCTCAGTGGTGA,73.27169674,0
CTCAGGCCTATGGTCGAGATTTAATGGAGG,8.397871234,0
GCAGAGGAGAGAGCCGCCCTCGAGCGGAGC,64.29031675,0
AATTGTCTGAAATCAGATTCGAGCTGGAAC,60.09946281,0
CAGCAGAGAGTTTACTAACATCCATGGTCT,76.12986713,0
GAAAACAGAATTTGTTGAGGGCGATGGTCA,61.0122396,0
AGGGGCTTCCGGTTGCTGGGGTCCAGGCTG,54.77959049,0
AGGACTGAGCGCTCTCAGGCAGGAAGGGCG,72.69587751,0
TTTCAGTAATGTACTTACACATTTCGGCAA,67.28442741,0
ATGCGAGAGATGTATGATAGGGCAGGGGAG,71.89586111,0
GGACATGTGGGTCCCACATGATTGTGGTGT,70.6950241,0
ACGGATCTGTTATAATACCAAGCCGGGAGC,61.79587322,0
CACTCTGCCCTGCCCTGCTGCAGATGGAGC,53.75109069,0
ATGTCTTTCCGTGGTCGGTGGTAAAGGAGG,60.07776485,0
CAATGTTCGTGATGACCAAAACCTGGGAAT,80.60719337,0
CAAGGAGTTAACCCATATTTATAGGGGAGA,66.04404423,0
AGCAGCAGAGGAGCACGAGGATCGTGGGAG,74.06196043,0
TGGTCTCTCCCCATTTTGTGCTAAGGGTAG,6.380126437,0
CCCACTCCCTCCCTCTCTTGGGCGTGGCTC,72.35749372,0
GGAGATGCAGACCGGCTGAGGCTTGGGATG,72.46492963,1
CTCCCTAAGCGTCGGGATTCCTGGCGGAAG,82.84720212,1
GCGGTGGCTTCAGAGTTGCCGAAGTGGGCG,76.19250955,1
GCCGGCGCCTGTGGCTTCTCTCAATGGAGG,39.19635567,1
GGTCTCACTCTAACCCGGGAGTGACGGGTC,77.7725257,1
GAGTTTGGAGACCCGGCAGCTCGCAGGGCT,71.73634722,1
GGCGAGGGGGCCGGGTGTGGGGGCTGGTCC,30.83176854,1
CCACAGGCTCAGCTGGCTTCAATATGGTAA,78.74207744,1
CTCACCACGGCAGTTCGTAGTGGCCGGCGC,66.78429351,1
TCAGGGCTGAACTAAAGCCTCCAGGGGGCC,73.89471637,1
TGCAGAAACAGCTGATTCTAGGGTTGGGAC,71.2849177,1
CATTCATGCACCGAACTGCGGGGACGGTTC,72.61449678,1
CACGCTTTCCCCAGACCAGAACCGCGGGCC,85.80272741,1
ACACAGTCTGCTTTTTAGACTGTTAGGTTT,65.2492069,1
CTCCTGGTCCAGTGCCAGGGTCTTGGGGCT,64.86245195,1
ACGCAAATTTCACTCTCATTTTACAGGCGA,18.42721692,1
GTTGTTCGGCGAGCTGGCCACTGGAGGGCA,65.62105806,1
CTGTTCCCTTCGCCTTCCACACGATGGCAT,82.07987736,1
GCCAGTCCCTGGTCCCCACACCCTGGGCGT,80.14523719,1
GGCCACACAGCTGGTAAGTGACAGGGGCAG,75.6786893,1
TTACACCCCCGGGGGAGAGAGCAGGGGCCC,59.1593101,1
GGCCCCGTGTTTTCAGAGTCATGGAGGCGC,78.47322146,1
AGCGGGCATCCTCCTCGTTGGATGTGGAGG,60.53457561,1
GGCAAGACAAACCCAGAGCTCCCCAGGGAC,79.71166084,1
GGGACGAAGGGAAGCTCCAGCGTGTGGCCC,80.81086105,1