30 bp target sequence (4 bp + 20 bp Protospacer + PAM + 3 bp),Averge indel frequency (%),"Chromatin accessibility (1= DNase I hypersensitive sites, 0 = Dnase I non-sensitive sites)"
TGAGTTATAGACTGGGGATATAATTGGGAT,67.73200553,0
GTCGTTACTTGTCTGCAGGACGGCTGGTCC,58.98410187,0
GGACATGTGGGTCCCACATGATTGTGGTGT,70.6950241,0
GAAAACAGAATTTGTTGAGGGCGATGGTCA,61.0122396,0
GCCATCTTCCTCAAGTTCATATCCTGGGTC,66.47453849,0
GCAACGATGGGCTGCATGAGCCGCTGGACT,67.9706473,0
TCTTTCACTTAGGAGAAGGCCCACAGGCTT,71.48150926,0
TCCAGGACCAGGACAACTCCACGTTGGCTT,74.19739446,0
TTGAGTAGTTTGGGATCGACTTGGGGGTGC,70.77564376,0
AATTGTCTGAAATCAGATTCGAGCTGGAAC,60.09946281,0
CTTTCTTCTTCCTCTCCTCTTTATAGGCGG,6.179340116,0
GCAGAGGAGAGAGCCGCCCTCGAGCGGAGC,64.29031675,0
CATTCAGTGGCTCTGCTATAAGGAGGGGAC,62.10776985,0
CAGTGTCGTCCAGGGTGAAGATCACGGCAT,72.40887092,0
CCCTCATGGTGCAGCTAAAGGCCCAGGAGC,80.10335781,0
GGGGTGCGGCCAGTGGCCAGGGTTGGGCAG,42.20210205,0
AGCGTTGCAGCATCAAGCATCACTGGGGGT,70.37509252,0
AGCAGGTTCTGAGTTAGATGCAAAAGGCAT,74.38237819,0
GCTGGGAGGGCCTGGGTCTGGACAGGGGCC,65.5921204,0
TTCGCAGGAGGACACTAACCTCCCTGGGAT,61.15674102,0
GCTCCCACTACCAGTCGCTGGTATAGGAAC,73.14084698,0
GCATCTCCACTGACTTCACCTCAGTGGTGA,73.27169674,0
CAGAAAATGGCCATTTCCACAACCTGGCTG,75.85554432,0
TCACTTGGCAAGGAAGATGGAAGTGGGGAC,71.26635428,0
CATGCAGGCTGGTGGCGATGTTCTTGGCAG,64.67515274,0
CTCCCTTCGAGGACACAGTCTGTTAGGTCA,53.93543526,0
ACCACCTCAGAGACGTTGCAGTTGGGGTCG,72.62283237,0
GGATGTATTTGCCTCACTTTCTACTGGGGT,12.81216015,0
CAGCAGAGAGTTTACTAACATCCATGGTCT,76.12986713,0
TGGTCTCTCCCCATTTTGTGCTAAGGGTAG,6.380126437,0
ATGCGAGAGATGTATGATAGGGCAGGGGAG,71.89586111,0
CCCACTCCCTCCCTCTCTTGGGCGTGGCTC,72.35749372,0
AGCAGCAGAGGAGCACGAGGATCGTGGGAG,74.06196043,0
CAAGGAGTTAACCCATATTTATAGGGGAGA,66.04404423,0
AGAAGGAAGAGGAAGAAGATGAAGAGGATG,36.41243742,0
AGAACATCAACAAACTCCAGGAACTGGATC,67.09567757,0
GCTGTGAGATCTTTGACAGTCATTTGGCCC,29.23917545,0
CTGTTCCCTTCGCCTTCCACACGATGGCAT,82.07987736,1
GGGGGAAAGAGGAAATGTGGACGAAGGCAG,75.60753206,1
GCGGTGGCTTCAGAGTTGCCGAAGTGGGCG,76.19250955,1
ACACAGTCTGCTTTTTAGACTGTTAGGTTT,65.2492069,1
GAGTTTGGAGACCCGGCAGCTCGCAGGGCT,71.73634722,1
TAAGAGAGTGGTAATAGAAGTGCCAGGTAT,78.22319943,1
GGAGATGCAGACCGGCTGAGGCTTGGGATG,72.46492963,1
ATCAGCAACCATTCCTTCAGCTCATGGGCA,61.99167373,1
TGGCGCCCCCTGTTGGGGGAACTCTGGAAT,0.153207123,1
AGACACGAGGCCAGGCGCCCCTGCTGGATC,70.41322951,1
TCAGGGCTGAACTAAAGCCTCCAGGGGGCC,73.89471637,1
TTACACCCCCGGGGGAGAGAGCAGGGGCCC,59.1593101,1
GGAACGCGGGTTGCTCCTCCCCAGGGGAAG,79.23575743,1
GCCGCAGAACCTGAATGACGCCTACGGACC,77.11158497,1
CCACAGGCTCAGCTGGCTTCAATATGGTAA,78.74207744,1
ATTAGGCGACAGTTATTCGAAGCCAGGAAC,62.87119734,1
GGCCCCGTGTTTTCAGAGTCATGGAGGCGC,78.47322146,1
CCCATCTTACAGATAGCGAAACTGAGGGGA,78.92066477,1
GGGACGAAGGGAAGCTCCAGCGTGTGGCCC,80.81086105,1
CACGCTTTCCCCAGACCAGAACCGCGGGCC,85.80272741,1
AACTGAAGGCTGAACAGCAGGGGTGGGAGA,81.17633948,1
GGCCACACAGCTGGTAAGTGACAGGGGCAG,75.6786893,1
GAACAAAATGATCAAATAACTAGGAGGGAT,70.95049449,1
TGCAGAAACAGCTGATTCTAGGGTTGGGAC,71.2849177,1
AGCGGGCATCCTCCTCGTTGGATGTGGAGG,60.53457561,1